user_id,food_id,preference_score,frequency
834,35,2,Weekly
106,11,3,Monthly
130,43,4,Monthly
197,21,2,Rarely
264,21,5,Daily
851,29,4,Monthly
69,32,4,Rarely
751,33,2,Rarely
911,35,5,Monthly
214,17,1,Daily
895,6,3,Rarely
771,47,4,Daily
86,6,4,Daily
829,43,3,Weekly
303,41,4,Daily
576,26,4,Monthly
302,46,3,Monthly
805,41,5,Rarely
999,2,4,Monthly
91,34,2,Rarely
330,29,5,Monthly
169,33,5,Daily
909,6,2,Monthly
448,32,4,Daily
479,21,3,Weekly
360,11,5,Daily
88,19,3,Monthly
896,2,2,Daily
141,29,2,Weekly
555,8,5,Weekly
156,33,4,Weekly
538,32,5,Rarely
547,2,3,Daily
771,46,5,Daily
271,44,5,Daily
588,29,5,Daily
724,34,4,Monthly
530,24,4,Monthly
694,13,4,Monthly
594,39,5,Weekly
456,9,3,Rarely
270,27,3,Daily
78,8,3,Rarely
834,17,1,Monthly
585,27,4,Monthly
426,22,4,Rarely
205,1,5,Monthly
841,39,2,Daily
642,18,3,Weekly
102,14,4,Weekly
310,32,2,Monthly
163,30,1,Daily
558,27,2,Monthly
448,30,4,Rarely
92,32,4,Monthly
102,42,5,Weekly
266,22,5,Monthly
561,46,3,Rarely
913,31,2,Monthly
468,49,5,Weekly
580,24,4,Rarely
456,22,5,Weekly
611,32,3,Daily
4,23,4,Weekly
509,50,4,Weekly
629,33,3,Rarely
819,23,2,Monthly
543,6,5,Rarely
944,40,3,Monthly
52,12,3,Rarely
323,15,3,Rarely
990,44,2,Weekly
219,22,5,Rarely
350,44,3,Daily
987,9,3,Monthly
938,27,3,Rarely
825,31,4,Weekly
138,22,4,Daily
387,24,2,Daily
701,28,2,Weekly
952,34,4,Monthly
102,42,4,Rarely
315,49,4,Weekly
211,22,1,Weekly
674,27,1,Monthly
923,23,3,Rarely
766,4,3,Monthly
552,22,5,Weekly
926,10,4,Monthly
697,43,4,Rarely
388,12,2,Monthly
124,4,2,Weekly
346,34,2,Rarely
833,48,4,Daily
427,49,5,Monthly
762,3,4,Weekly
648,1,1,Monthly
877,26,3,Monthly
779,34,4,Daily
410,12,4,Weekly
901,9,5,Monthly
442,10,3,Rarely
118,50,3,Monthly
560,22,4,Daily
117,47,2,Monthly
757,20,1,Monthly
612,13,5,Monthly
108,20,4,Weekly
7,30,1,Daily
513,3,4,Daily
957,21,3,Weekly
329,17,4,Weekly
435,47,4,Rarely
539,40,4,Weekly
530,27,4,Rarely
156,1,1,Daily
457,45,3,Weekly
184,4,5,Rarely
181,39,4,Rarely
141,18,2,Daily
773,7,5,Rarely
538,38,4,Monthly
913,43,5,Daily
960,25,3,Rarely
935,4,5,Weekly
369,27,1,Weekly
44,20,5,Weekly
464,11,5,Rarely
469,15,2,Weekly
11,32,5,Weekly
542,10,5,Rarely
157,1,2,Daily
929,38,4,Monthly
866,17,5,Weekly
79,17,3,Daily
516,2,2,Weekly
572,40,4,Weekly
383,6,4,Daily
83,10,2,Monthly
377,3,4,Daily
626,10,5,Rarely
524,46,4,Monthly
380,8,5,Weekly
996,38,4,Rarely
157,22,3,Monthly
35,23,3,Daily
372,31,2,Monthly
475,40,3,Weekly
445,15,5,Weekly
420,28,2,Weekly
517,18,3,Monthly
303,23,3,Daily
537,7,5,Weekly
36,2,3,Daily
667,15,2,Rarely
97,40,3,Monthly
432,18,4,Monthly
861,7,4,Monthly
329,8,5,Weekly
570,13,5,Rarely
941,27,1,Monthly
762,16,3,Weekly
573,47,4,Weekly
72,39,4,Monthly
211,36,5,Monthly
668,26,3,Monthly
917,11,2,Monthly
702,33,3,Monthly
645,46,3,Monthly
172,25,4,Monthly
691,4,3,Daily
430,25,3,Rarely
841,14,3,Weekly
279,37,3,Monthly
127,14,2,Weekly
548,27,4,Weekly
899,19,4,Weekly
775,36,1,Monthly
76,29,1,Monthly
815,30,3,Weekly
790,37,3,Weekly
675,11,3,Rarely
761,42,2,Monthly
587,17,3,Weekly
238,15,3,Rarely
308,45,4,Weekly
564,31,1,Rarely
246,26,3,Monthly
931,33,5,Monthly
430,19,1,Daily
282,13,5,Rarely
584,24,4,Monthly
745,3,4,Weekly
2,33,3,Weekly
714,41,4,Weekly
324,40,5,Weekly
240,21,5,Daily
183,13,1,Weekly
24,5,3,Weekly
26,10,5,Monthly
112,30,4,Daily
721,23,5,Weekly
359,42,2,Rarely
444,4,3,Monthly
554,28,4,Weekly
554,31,4,Monthly
64,29,5,Monthly
996,45,3,Weekly
194,8,3,Weekly
881,7,2,Weekly
732,12,2,Daily
65,17,5,Monthly
879,45,5,Weekly
749,4,1,Daily
804,13,2,Weekly
388,20,3,Weekly
171,24,3,Monthly
282,4,4,Daily
173,24,5,Monthly
502,30,2,Daily
200,12,4,Daily
612,17,2,Daily
854,45,5,Monthly
639,7,3,Monthly
174,15,4,Rarely
62,39,3,Weekly
127,19,5,Rarely
929,12,5,Rarely
574,1,4,Daily
980,2,4,Weekly
221,44,4,Daily
103,3,1,Daily
506,20,4,Daily
214,44,1,Daily
856,7,4,Monthly
686,41,5,Monthly
637,3,2,Monthly
637,34,4,Weekly
844,20,1,Daily
517,48,5,Rarely
515,33,3,Daily
240,23,2,Weekly
461,49,2,Weekly
972,40,5,Weekly
732,4,5,Weekly
278,46,5,Rarely
562,3,3,Monthly
406,27,4,Weekly
249,17,5,Daily
472,45,2,Monthly
889,5,5,Rarely
739,34,2,Daily
134,47,3,Daily
870,35,3,Weekly
470,32,5,Monthly
830,16,3,Daily
238,11,4,Weekly
268,7,5,Weekly
655,6,3,Rarely
751,36,5,Weekly
993,32,4,Monthly
842,33,5,Rarely
373,21,4,Weekly
592,28,1,Monthly
317,36,5,Weekly
336,14,3,Rarely
971,45,3,Weekly
716,21,1,Monthly
68,26,1,Rarely
189,20,5,Rarely
700,25,4,Weekly
241,24,3,Daily
722,49,5,Daily
415,2,4,Daily
509,48,4,Weekly
480,21,4,Rarely
940,14,4,Daily
802,14,3,Monthly
317,41,3,Monthly
938,7,4,Weekly
799,23,4,Monthly
947,22,1,Monthly
403,24,5,Rarely
610,47,1,Rarely
577,46,5,Monthly
167,45,3,Monthly
788,20,3,Monthly
895,27,1,Monthly
834,9,5,Daily
946,16,2,Weekly
481,34,5,Weekly
945,15,4,Weekly
578,32,1,Rarely
878,27,5,Monthly
976,26,4,Rarely
214,31,4,Monthly
725,36,5,Daily
79,34,4,Weekly
448,7,2,Monthly
24,35,5,Weekly
607,19,1,Weekly
573,16,5,Monthly
774,21,5,Monthly
476,15,1,Rarely
751,19,4,Weekly
743,28,3,Daily
881,47,5,Monthly
731,40,5,Rarely
203,21,5,Monthly
755,28,2,Monthly
300,25,4,Rarely
967,49,4,Monthly
376,26,4,Weekly
908,14,5,Daily
4,19,3,Monthly
705,25,3,Monthly
797,3,3,Monthly
871,33,1,Weekly
900,38,5,Rarely
983,13,3,Monthly
126,29,3,Weekly
274,45,2,Monthly
276,7,4,Monthly
299,33,2,Weekly
332,13,3,Daily
360,3,4,Daily
878,46,5,Monthly
169,15,4,Daily
169,48,1,Monthly
155,47,3,Daily
654,3,3,Weekly
96,24,3,Monthly
178,1,3,Weekly
873,30,1,Weekly
380,45,3,Rarely
591,24,5,Weekly
578,5,4,Weekly
487,32,3,Weekly
890,31,4,Daily
716,20,4,Monthly
489,44,5,Rarely
967,12,3,Daily
199,43,2,Weekly
583,45,3,Monthly
146,30,3,Monthly
380,37,4,Daily
764,39,3,Weekly
763,49,2,Daily
687,43,5,Monthly
663,17,3,Weekly
455,29,5,Rarely
330,16,1,Daily
322,50,3,Rarely
390,28,4,Monthly
168,35,3,Rarely
939,34,2,Weekly
63,15,1,Monthly
193,46,1,Rarely
228,38,2,Weekly
815,33,2,Monthly
168,46,5,Monthly
297,8,1,Monthly
82,50,3,Monthly
56,5,3,Monthly
96,29,5,Daily
723,9,4,Monthly
926,15,4,Monthly
550,47,3,Rarely
8,30,4,Rarely
31,16,1,Daily
214,8,4,Rarely
320,25,1,Weekly
26,22,4,Rarely
491,28,3,Daily
499,42,4,Rarely
949,40,2,Monthly
245,27,3,Rarely
242,3,2,Daily
867,17,2,Monthly
164,17,3,Monthly
579,16,1,Rarely
327,26,1,Weekly
24,19,2,Monthly
568,10,2,Daily
589,4,3,Weekly
147,26,4,Weekly
409,10,3,Weekly
345,25,2,Weekly
378,39,4,Monthly
267,17,2,Weekly
898,29,5,Daily
481,48,4,Daily
2,11,2,Monthly
812,26,1,Monthly
626,10,4,Weekly
54,31,3,Weekly
675,8,3,Daily
204,33,2,Weekly
908,23,3,Rarely
87,31,5,Monthly
495,42,3,Daily
633,32,3,Daily
730,34,5,Weekly
518,35,5,Weekly
156,19,3,Rarely
144,7,3,Weekly
407,43,5,Weekly
582,31,2,Daily
518,6,4,Daily
963,24,4,Rarely
725,48,4,Rarely
750,9,5,Daily
10,11,1,Rarely
939,6,2,Weekly
229,10,3,Weekly
255,2,5,Daily
478,24,3,Rarely
767,14,2,Weekly
942,45,5,Rarely
99,15,5,Rarely
435,17,5,Weekly
496,21,4,Rarely
735,40,5,Weekly
944,35,5,Daily
182,44,4,Monthly
512,20,3,Weekly
910,42,1,Weekly
488,26,5,Daily
665,25,5,Rarely
588,20,4,Weekly
692,18,1,Monthly
257,4,3,Weekly
65,29,3,Weekly
159,8,1,Monthly
327,46,1,Rarely
124,27,2,Daily
514,30,3,Monthly
583,39,2,Monthly
542,30,3,Rarely
476,19,2,Daily
80,15,4,Monthly
3,24,2,Weekly
606,7,4,Weekly
531,2,1,Daily
400,49,5,Rarely
58,49,3,Daily
85,42,4,Daily
518,44,1,Weekly
850,45,1,Weekly
100,3,4,Monthly
529,42,4,Daily
84,7,4,Rarely
661,14,2,Monthly
206,13,2,Monthly
388,44,4,Monthly
8,50,5,Monthly
73,28,1,Monthly
996,49,5,Daily
543,41,3,Monthly
387,38,5,Rarely
768,7,2,Daily
129,22,1,Daily
215,41,3,Weekly
381,32,3,Daily
368,31,2,Monthly
373,50,4,Monthly
982,9,3,Weekly
865,35,1,Daily
350,22,5,Weekly
532,7,4,Daily
321,47,5,Rarely
486,32,4,Weekly
411,18,4,Daily
458,14,3,Weekly
50,27,4,Weekly
387,31,4,Rarely
371,4,4,Weekly
825,30,1,Weekly
575,39,1,Monthly
125,26,4,Daily
216,25,5,Daily
336,3,4,Weekly
532,11,2,Monthly
227,36,3,Weekly
735,36,4,Weekly
450,44,1,Daily
420,28,2,Daily
974,47,4,Monthly
504,6,4,Weekly
100,41,2,Monthly
496,31,5,Monthly
187,12,3,Weekly
297,8,2,Daily
447,3,4,Daily
55,45,4,Rarely
110,11,2,Daily
435,2,4,Daily
590,15,4,Monthly
412,25,5,Monthly
567,37,3,Monthly
700,8,2,Weekly
441,11,5,Daily
936,40,3,Daily
483,28,4,Daily
786,23,5,Rarely
622,11,4,Weekly
447,16,3,Weekly
336,19,3,Daily
198,34,3,Weekly
44,32,4,Daily
733,8,4,Daily
522,47,4,Daily
644,31,2,Weekly
146,8,4,Monthly
959,13,5,Daily
679,50,4,Monthly
919,32,1,Weekly
359,46,5,Daily
328,16,3,Monthly
548,18,3,Daily
498,42,1,Monthly
621,1,3,Weekly
912,48,5,Monthly
66,31,3,Monthly
14,10,2,Daily
248,34,2,Monthly
674,4,2,Daily
516,50,1,Weekly
723,11,4,Rarely
950,47,3,Daily
468,23,5,Daily
991,49,2,Rarely
632,27,4,Daily
143,5,3,Weekly
192,39,3,Daily
878,6,5,Monthly
110,26,3,Monthly
572,8,2,Weekly
179,28,2,Daily
932,13,3,Monthly
635,28,5,Daily
30,35,5,Weekly
517,1,3,Weekly
758,29,5,Daily
369,37,4,Monthly
649,38,5,Rarely
821,11,3,Weekly
561,6,5,Weekly
121,11,4,Monthly
787,40,3,Rarely
591,42,3,Weekly
965,22,4,Daily
768,39,2,Monthly
987,44,5,Weekly
560,3,4,Monthly
829,20,2,Monthly
238,28,4,Rarely
135,18,2,Weekly
403,45,5,Weekly
857,41,5,Monthly
436,47,5,Rarely
607,7,3,Weekly
139,19,5,Weekly
18,37,4,Weekly
508,25,3,Rarely
399,18,5,Weekly
150,12,1,Monthly
623,33,3,Monthly
254,32,2,Weekly
10,25,5,Rarely
124,43,4,Monthly
314,8,4,Monthly
982,30,3,Monthly
312,36,3,Monthly
584,8,3,Rarely
477,37,4,Monthly
62,14,3,Rarely
888,22,5,Rarely
144,9,4,Monthly
415,13,5,Weekly
943,39,3,Monthly
642,40,5,Weekly
715,29,4,Daily
893,28,3,Rarely
300,15,4,Weekly
238,30,4,Daily
139,6,2,Daily
93,6,3,Daily
622,38,5,Monthly
858,40,5,Rarely
107,24,4,Daily
358,50,4,Weekly
222,25,4,Rarely
219,24,2,Weekly
822,38,4,Monthly
54,30,3,Monthly
393,42,4,Monthly
826,22,4,Weekly
619,11,4,Weekly
194,1,1,Monthly
697,37,2,Monthly
69,50,5,Monthly
435,15,5,Weekly
229,30,3,Rarely
177,25,4,Monthly
933,28,4,Monthly
389,12,2,Monthly
893,1,5,Rarely
427,20,4,Daily
887,24,4,Monthly
297,16,4,Monthly
20,11,4,Monthly
262,28,2,Weekly
642,22,5,Weekly
1000,7,3,Weekly
792,27,3,Rarely
581,19,4,Weekly
631,45,2,Weekly
293,2,1,Daily
607,6,4,Rarely
358,16,2,Weekly
551,16,4,Rarely
567,8,2,Monthly
644,21,4,Monthly
603,14,3,Monthly
329,47,2,Weekly
640,18,1,Rarely
931,44,1,Weekly
585,32,4,Monthly
446,46,5,Weekly
758,42,5,Monthly
808,25,5,Rarely
971,44,4,Rarely
807,27,5,Rarely
223,21,1,Weekly
997,45,5,Monthly
299,44,5,Weekly
162,44,4,Rarely
193,18,3,Weekly
215,29,1,Monthly
164,42,4,Weekly
533,49,3,Weekly
852,8,5,Daily
823,45,5,Daily
438,22,3,Monthly
44,27,2,Rarely
92,27,3,Daily
294,29,3,Weekly
993,32,2,Weekly
235,16,3,Daily
34,4,3,Weekly
449,22,1,Weekly
240,36,1,Monthly
737,22,2,Daily
390,48,2,Daily
649,24,3,Weekly
670,40,1,Monthly
288,49,4,Rarely
571,14,2,Rarely
633,13,5,Weekly
190,22,2,Weekly
917,34,4,Monthly
411,20,1,Weekly
14,10,4,Daily
43,48,5,Daily
607,11,1,Daily
742,20,3,Monthly
374,4,5,Rarely
483,37,3,Weekly
993,33,4,Daily
430,11,3,Daily
471,10,4,Daily
115,22,4,Daily
178,21,1,Monthly
206,8,3,Weekly
499,13,4,Daily
330,39,4,Weekly
929,11,1,Weekly
70,47,2,Daily
851,7,3,Daily
147,11,3,Daily
390,47,4,Weekly
584,27,2,Monthly
520,23,5,Rarely
712,45,3,Monthly
933,17,5,Rarely
14,44,4,Weekly
673,5,4,Weekly
157,47,4,Weekly
880,41,2,Weekly
171,6,4,Weekly
320,40,5,Monthly
838,31,3,Monthly
709,5,3,Daily
967,15,4,Monthly
460,19,4,Weekly
6,13,2,Monthly
677,45,5,Weekly
315,18,4,Monthly
897,41,2,Daily
502,39,3,Rarely
422,8,3,Daily
169,7,4,Monthly
880,16,4,Weekly
943,33,1,Weekly
310,7,5,Monthly
542,18,3,Rarely
322,43,5,Monthly
842,9,4,Weekly
24,5,4,Daily
888,13,4,Rarely
632,1,5,Monthly
707,49,1,Monthly
946,23,1,Monthly
798,6,4,Daily
549,48,1,Rarely
460,4,2,Weekly
511,48,5,Daily
361,2,4,Monthly
106,26,1,Weekly
313,38,3,Daily
477,34,5,Rarely
383,36,4,Monthly
682,15,2,Monthly
74,44,3,Monthly
985,9,5,Monthly
254,24,5,Monthly
648,13,2,Weekly
756,8,4,Weekly
566,16,3,Rarely
350,35,4,Monthly
945,49,4,Daily
188,17,3,Weekly
221,17,4,Rarely
957,4,3,Daily
734,40,3,Monthly
760,45,4,Rarely
614,5,5,Rarely
330,19,3,Rarely
240,15,5,Weekly
352,9,3,Weekly
169,41,5,Rarely
820,34,5,Monthly
780,6,4,Monthly
608,18,3,Daily
498,6,3,Weekly
786,10,5,Daily
594,4,2,Monthly
538,6,3,Daily
191,14,3,Monthly
191,13,4,Weekly
676,50,3,Monthly
799,41,5,Weekly
707,37,2,Weekly
644,39,3,Daily
783,7,4,Monthly
886,45,2,Monthly
753,38,5,Weekly
762,13,4,Weekly
568,14,3,Rarely
416,1,1,Monthly
351,17,1,Weekly
189,7,4,Weekly
242,50,3,Weekly
449,38,3,Rarely
824,20,3,Monthly
10,23,2,Weekly
715,4,4,Monthly
498,5,4,Rarely
107,49,1,Daily
855,23,2,Daily
948,24,1,Monthly
679,50,3,Monthly
640,33,5,Rarely
707,3,5,Daily
966,27,4,Monthly
262,6,4,Rarely
16,41,4,Weekly
678,49,5,Rarely
178,33,3,Daily
266,34,3,Monthly
458,46,5,Weekly
179,26,3,Weekly
928,45,4,Daily
143,8,3,Weekly
343,16,4,Weekly
215,5,2,Weekly
986,28,4,Weekly
934,46,4,Daily
724,48,4,Daily
655,35,1,Weekly
710,37,2,Weekly
469,12,3,Weekly
408,26,3,Weekly
617,42,5,Daily
161,17,1,Monthly
741,30,3,Weekly
526,36,4,Rarely
6,26,1,Weekly
556,43,5,Monthly
136,25,3,Weekly
94,7,5,Rarely
457,16,4,Rarely
278,19,4,Monthly
405,12,1,Monthly
890,6,3,Weekly
614,13,2,Monthly
216,48,2,Monthly
951,30,2,Rarely
452,14,2,Weekly
102,47,1,Daily
283,42,4,Weekly
925,36,4,Monthly
429,20,4,Monthly
290,21,3,Weekly
522,45,2,Monthly
225,2,2,Daily
28,45,1,Daily
372,10,1,Rarely
214,18,5,Monthly
530,30,4,Monthly
591,35,4,Daily
75,24,5,Rarely
521,42,1,Daily
819,39,1,Weekly
891,33,4,Monthly
73,26,2,Monthly
512,1,1,Daily
997,5,4,Monthly
620,15,2,Daily
367,15,5,Monthly
202,21,4,Monthly
385,21,2,Monthly
105,11,1,Rarely
553,32,2,Monthly
298,5,3,Monthly
718,44,3,Rarely
336,28,5,Monthly
776,27,3,Monthly
771,27,4,Monthly
997,40,1,Weekly
898,47,4,Rarely
275,33,5,Weekly
974,15,4,Monthly
594,49,2,Weekly
777,43,4,Weekly
783,20,2,Weekly
666,6,4,Daily
604,9,4,Daily
964,16,5,Weekly
425,4,4,Monthly
958,24,2,Daily
398,14,3,Monthly
6,23,3,Monthly
624,6,3,Weekly
925,45,3,Weekly
503,35,2,Daily
741,43,4,Monthly
310,7,2,Daily
293,49,3,Monthly
477,9,2,Daily
623,25,3,Monthly
119,4,3,Weekly
946,50,3,Monthly
90,23,4,Monthly
683,6,1,Daily
499,14,3,Monthly
884,15,5,Monthly
348,2,3,Rarely
382,41,3,Rarely
322,14,5,Weekly
689,29,3,Weekly
738,8,2,Weekly
410,17,3,Weekly
58,50,3,Weekly
882,46,4,Weekly
427,48,4,Monthly
742,25,4,Daily
368,7,1,Daily
982,15,4,Weekly
526,17,4,Monthly
220,12,4,Monthly
904,27,4,Daily
916,1,3,Rarely
162,36,3,Monthly
912,8,3,Daily
172,4,5,Monthly
423,24,5,Rarely
929,48,5,Monthly
808,39,3,Weekly
210,35,5,Monthly
151,1,3,Daily
554,30,4,Daily
41,50,2,Monthly
203,17,4,Weekly
319,8,4,Monthly
968,20,4,Monthly
631,40,5,Daily
337,4,3,Rarely
854,28,5,Monthly
586,50,1,Rarely
238,42,3,Daily
778,2,3,Weekly
139,10,3,Daily
233,13,2,Rarely
987,47,5,Rarely
585,48,3,Daily
134,15,1,Rarely
201,44,1,Weekly
160,19,4,Rarely
831,12,3,Weekly
657,39,1,Rarely
697,11,4,Monthly
850,48,4,Rarely
516,48,5,Weekly
875,27,4,Rarely
252,30,2,Weekly
396,33,1,Monthly
452,10,2,Rarely
585,22,2,Monthly
973,24,3,Rarely
812,47,4,Weekly
390,8,5,Rarely
945,10,4,Monthly
340,34,4,Monthly
126,5,2,Weekly
276,46,2,Weekly
146,44,4,Rarely
975,47,3,Weekly
531,23,5,Daily
231,19,3,Monthly
216,18,5,Monthly
961,41,2,Rarely
637,22,1,Weekly
366,44,4,Monthly
677,3,1,Weekly
731,26,4,Rarely
712,39,4,Daily
603,45,4,Monthly
449,7,3,Daily
282,6,4,Rarely
630,21,2,Monthly
575,1,3,Daily
987,29,2,Daily
321,3,2,Daily
294,49,3,Rarely
682,46,5,Monthly
380,4,4,Rarely
843,42,4,Weekly
869,33,4,Daily
379,6,3,Rarely
81,27,4,Daily
494,44,4,Monthly
657,5,2,Weekly
772,39,2,Monthly
813,44,4,Weekly
696,27,4,Daily
762,13,5,Daily
658,37,1,Weekly
16,11,5,Daily
399,12,2,Rarely
763,21,2,Monthly
295,28,3,Daily
328,8,3,Daily
91,28,2,Monthly
487,28,5,Daily
280,40,5,Daily
280,42,3,Monthly
743,15,1,Weekly
499,35,1,Daily
839,44,2,Monthly
449,6,3,Daily
959,45,3,Monthly
448,22,4,Weekly
760,13,2,Weekly
903,32,4,Weekly
691,36,1,Monthly
844,26,5,Monthly
110,13,5,Rarely
995,21,4,Weekly
922,47,1,Daily
931,41,4,Daily
856,43,3,Daily
129,34,2,Weekly
226,13,5,Monthly
646,36,4,Monthly
183,31,3,Monthly
465,38,2,Monthly
261,24,3,Daily
799,28,4,Rarely
861,4,4,Monthly
329,47,3,Monthly
865,31,5,Daily
197,29,4,Daily
725,12,2,Weekly
960,43,4,Rarely
316,27,4,Weekly
71,17,3,Rarely
696,20,5,Monthly
358,17,4,Monthly
617,28,5,Monthly
567,15,2,Rarely
438,42,3,Daily
676,10,4,Weekly
158,44,1,Monthly
720,19,4,Weekly
159,48,4,Rarely
710,33,1,Weekly
392,9,2,Weekly
54,40,5,Daily
552,44,5,Rarely
667,3,4,Monthly
52,31,4,Rarely
294,48,1,Monthly
869,46,5,Daily
852,7,2,Rarely
719,25,5,Daily
984,26,4,Monthly
746,17,2,Daily
248,22,4,Monthly
670,29,4,Monthly
558,27,3,Weekly
380,4,3,Monthly
145,50,1,Monthly
732,11,3,Monthly
762,16,3,Weekly
831,39,2,Rarely
50,26,2,Monthly
784,21,1,Monthly
763,20,2,Weekly
983,18,3,Daily
584,27,3,Monthly
806,4,3,Rarely
427,12,4,Rarely
398,20,4,Weekly
829,41,3,Daily
812,39,4,Monthly
373,34,4,Weekly
990,3,4,Weekly
80,42,5,Monthly
299,26,3,Monthly
69,9,4,Monthly
427,13,4,Monthly
73,18,3,Monthly
748,26,3,Monthly
41,42,3,Monthly
314,10,5,Monthly
74,17,5,Weekly
498,34,5,Weekly
360,6,4,Monthly
34,22,4,Weekly
968,45,4,Weekly
829,36,4,Rarely
560,15,4,Monthly
722,4,3,Rarely
835,32,5,Daily
450,9,4,Weekly
895,14,4,Monthly
714,43,4,Rarely
59,1,4,Daily
22,34,5,Weekly
284,50,5,Monthly
380,43,3,Daily
177,25,1,Monthly
966,39,2,Monthly
58,17,3,Rarely
738,5,1,Weekly
126,10,4,Weekly
828,30,4,Monthly
228,9,4,Monthly
900,41,4,Weekly
938,10,1,Weekly
694,16,3,Rarely
64,14,4,Daily
658,28,3,Daily
844,27,2,Monthly
964,25,3,Daily
888,22,3,Rarely
757,3,1,Monthly
354,27,2,Weekly
983,34,1,Daily
849,1,1,Weekly
720,16,3,Weekly
474,27,3,Monthly
644,17,1,Daily
209,11,5,Weekly
340,34,2,Weekly
702,31,3,Monthly
77,23,5,Monthly
954,28,4,Weekly
805,29,1,Rarely
461,13,4,Monthly
604,48,2,Daily
809,5,2,Monthly
409,27,4,Daily
996,32,2,Weekly
322,46,4,Daily
250,50,2,Monthly
438,44,4,Weekly
225,39,3,Weekly
756,15,3,Monthly
548,10,4,Monthly
925,5,5,Daily
700,26,4,Monthly
854,35,4,Monthly
367,18,4,Daily
738,10,3,Daily
219,50,2,Daily
200,21,3,Weekly
363,23,5,Monthly
231,28,3,Weekly
944,20,3,Monthly
831,8,5,Rarely
876,41,2,Rarely
519,41,2,Monthly
64,12,1,Daily
183,35,3,Weekly
172,28,4,Daily
698,44,2,Monthly
481,20,4,Daily
490,26,3,Weekly
609,23,5,Weekly
527,14,1,Daily
312,23,2,Weekly
764,6,3,Monthly
529,28,5,Monthly
912,32,4,Rarely
944,19,3,Monthly
870,14,5,Daily
311,39,3,Rarely
596,6,4,Monthly
185,26,3,Monthly
124,21,4,Weekly
195,36,2,Monthly
318,19,3,Rarely
376,33,4,Weekly
578,46,5,Monthly
660,50,3,Monthly
286,25,1,Rarely
52,14,1,Daily
88,32,3,Daily
810,39,3,Rarely
190,34,2,Monthly
975,22,1,Rarely
53,44,4,Rarely
883,17,1,Monthly
397,2,1,Daily
476,48,4,Rarely
573,33,1,Monthly
700,9,5,Weekly
610,33,3,Weekly
414,16,1,Monthly
837,46,5,Weekly
553,1,3,Daily
382,50,5,Weekly
827,32,1,Rarely
333,1,1,Rarely
759,38,3,Monthly
488,44,4,Monthly
489,40,1,Weekly
559,46,5,Monthly
606,46,3,Weekly
836,40,4,Daily
538,40,5,Weekly
214,49,1,Monthly
101,7,4,Daily
742,34,3,Rarely
573,25,2,Monthly
654,4,1,Daily
669,17,3,Daily
749,9,4,Rarely
722,26,1,Rarely
807,49,3,Weekly
622,28,3,Monthly
300,49,3,Monthly
256,17,3,Weekly
403,32,2,Monthly
742,36,4,Daily
263,34,5,Rarely
86,9,4,Rarely
320,50,4,Monthly
119,17,5,Rarely
153,18,4,Weekly
59,27,1,Daily
630,15,2,Daily
244,16,3,Rarely
645,39,5,Daily
221,17,4,Weekly
409,15,4,Daily
687,35,3,Weekly
869,11,1,Rarely
146,46,2,Weekly
292,28,5,Weekly
934,15,1,Weekly
585,35,2,Monthly
95,28,4,Monthly
775,46,4,Rarely
134,21,5,Daily
39,49,5,Monthly
359,21,4,Monthly
565,24,5,Rarely
964,37,2,Monthly
823,46,3,Daily
582,27,4,Rarely
429,3,5,Daily
411,42,4,Weekly
648,20,3,Weekly
905,8,3,Weekly
823,3,3,Monthly
879,27,2,Monthly
604,4,4,Monthly
690,36,4,Rarely
357,12,2,Monthly
478,38,5,Daily
278,1,2,Rarely
530,6,3,Rarely
150,18,2,Weekly
260,42,4,Monthly
955,16,5,Monthly
6,24,2,Monthly
778,39,4,Monthly
574,22,1,Daily
543,44,5,Weekly
93,35,2,Weekly
207,26,5,Weekly
902,15,3,Monthly
498,15,5,Rarely
7,22,4,Monthly
386,30,4,Weekly
665,9,1,Weekly
322,21,5,Weekly
983,15,3,Monthly
46,21,3,Rarely
662,14,5,Daily
650,1,2,Daily
43,41,4,Daily
279,6,3,Weekly
996,26,4,Monthly
308,17,4,Monthly
184,49,1,Daily
604,13,2,Monthly
460,3,5,Weekly
781,7,5,Daily
93,45,4,Weekly
437,10,5,Rarely
375,19,3,Daily
882,18,2,Weekly
646,1,2,Rarely
689,35,2,Rarely
487,22,3,Weekly
581,34,1,Weekly
398,15,3,Weekly
611,4,4,Monthly
125,25,4,Daily
20,35,1,Monthly
203,9,4,Daily
246,21,2,Rarely
37,25,1,Daily
348,37,3,Monthly
593,33,4,Daily
158,27,5,Monthly
431,19,5,Daily
102,12,4,Weekly
79,49,2,Rarely
472,37,3,Daily
256,41,3,Weekly
215,38,2,Daily
757,14,4,Weekly
288,2,3,Monthly
954,43,2,Rarely
438,14,5,Monthly
723,40,4,Daily
279,9,4,Weekly
750,18,5,Weekly
527,29,3,Rarely
449,22,4,Weekly
882,32,3,Rarely
732,9,3,Weekly
939,3,5,Daily
329,41,2,Weekly
369,42,1,Monthly
725,5,5,Weekly
729,7,5,Weekly
668,6,1,Weekly
36,2,1,Monthly
13,31,3,Weekly
437,10,2,Daily
620,37,3,Daily
642,5,3,Daily
386,41,4,Daily
537,38,4,Weekly
852,50,4,Daily
508,30,3,Weekly
233,12,2,Daily
47,23,4,Weekly
59,9,4,Monthly
191,9,5,Monthly
216,48,2,Monthly
878,17,3,Daily
398,25,4,Daily
690,7,4,Weekly
703,20,5,Weekly
898,4,4,Weekly
177,14,4,Rarely
896,14,4,Daily
820,2,2,Monthly
478,33,1,Monthly
576,31,5,Rarely
903,40,5,Monthly
55,25,3,Daily
676,48,4,Monthly
247,43,4,Daily
289,14,2,Weekly
613,23,3,Weekly
413,14,4,Daily
65,49,2,Weekly
914,45,2,Monthly
888,48,3,Rarely
463,4,5,Rarely
548,6,3,Daily
274,22,5,Weekly
68,19,4,Rarely
424,11,5,Rarely
919,32,3,Monthly
707,8,3,Rarely
328,11,3,Weekly
939,33,3,Monthly
986,8,5,Weekly
155,19,1,Monthly
329,6,2,Daily
349,48,4,Weekly
492,35,3,Rarely
432,5,2,Weekly
626,10,4,Weekly
398,38,2,Weekly
824,6,3,Rarely
190,49,3,Weekly
301,31,3,Monthly
115,10,4,Monthly
804,22,4,Daily
118,7,3,Monthly
233,48,5,Daily
259,11,1,Daily
796,23,5,Monthly
809,22,4,Rarely
58,40,4,Daily
372,15,4,Rarely
940,19,3,Monthly
744,43,2,Monthly
521,41,3,Weekly
639,35,5,Daily
107,8,5,Rarely
158,14,3,Weekly
143,9,5,Monthly
761,16,4,Rarely
408,36,4,Monthly
713,22,2,Weekly
259,36,4,Monthly
612,21,1,Daily
393,48,2,Rarely
847,32,5,Daily
375,50,3,Weekly
6,6,2,Weekly
617,40,3,Rarely
508,16,3,Weekly
674,20,5,Weekly
94,3,4,Daily
989,5,3,Weekly
295,39,3,Daily
539,16,1,Rarely
435,33,5,Weekly
795,17,5,Weekly
403,28,1,Weekly
167,48,2,Monthly
623,9,3,Daily
159,11,4,Monthly
356,18,4,Weekly
169,28,5,Weekly
364,47,4,Rarely
784,7,4,Weekly
259,20,4,Monthly
847,35,4,Weekly
868,21,4,Daily
746,11,2,Weekly
761,36,4,Weekly
429,8,3,Rarely
64,40,5,Daily
550,23,1,Monthly
995,13,3,Weekly
940,45,2,Monthly
467,49,2,Rarely
549,47,2,Daily
901,33,3,Monthly
793,43,3,Monthly
372,30,1,Rarely
748,46,5,Monthly
452,33,2,Monthly
785,11,3,Monthly
361,10,3,Weekly
615,26,1,Weekly
704,49,2,Weekly
289,31,4,Monthly
513,6,1,Rarely
798,17,4,Rarely
284,45,2,Weekly
595,24,4,Monthly
521,22,5,Monthly
272,5,4,Monthly
67,9,2,Monthly
356,25,5,Weekly
277,29,1,Rarely
185,11,3,Daily
416,21,3,Monthly
510,47,3,Daily
713,11,2,Weekly
106,47,4,Daily
615,35,1,Monthly
752,17,5,Monthly
350,1,3,Monthly
497,8,5,Monthly
470,30,4,Monthly
389,7,5,Rarely
344,37,3,Monthly
253,25,4,Weekly
620,7,2,Monthly
463,16,1,Weekly
465,36,3,Weekly
365,6,4,Weekly
12,27,2,Weekly
336,39,4,Daily
921,50,4,Rarely
385,30,3,Rarely
917,9,4,Monthly
167,42,3,Daily
898,12,2,Weekly
616,43,1,Monthly
252,42,5,Daily
143,19,5,Daily
687,20,1,Monthly
743,37,2,Weekly
499,12,5,Weekly
27,39,3,Weekly
486,15,3,Monthly
471,10,5,Monthly
340,28,5,Monthly
80,2,3,Weekly
416,17,4,Weekly
540,47,1,Monthly
57,25,4,Weekly
754,50,4,Daily
203,37,4,Rarely
858,23,5,Monthly
882,34,5,Monthly
661,21,3,Rarely
250,16,5,Weekly
81,1,4,Weekly
922,12,4,Weekly
258,14,5,Rarely
77,49,4,Monthly
630,14,3,Monthly
358,50,3,Rarely
103,6,5,Rarely
385,21,5,Weekly
72,31,4,Monthly
592,30,3,Weekly
212,7,5,Rarely
57,42,3,Daily
861,15,5,Rarely
137,46,3,Weekly
812,14,5,Monthly
134,35,4,Weekly
898,38,1,Monthly
990,27,5,Daily
757,42,4,Weekly
82,14,5,Monthly
459,37,3,Monthly
343,8,2,Rarely
11,47,3,Weekly
2,8,3,Monthly
382,41,4,Rarely
225,24,4,Monthly
561,35,3,Rarely
973,26,4,Weekly
51,15,4,Weekly
234,8,3,Daily
285,4,4,Weekly
544,36,1,Monthly
422,36,4,Weekly
903,9,1,Monthly
36,30,3,Daily
471,20,2,Weekly
768,22,2,Monthly
170,22,5,Monthly
141,37,5,Weekly
754,20,5,Daily
341,27,4,Monthly
46,2,4,Monthly
525,19,4,Weekly
894,43,4,Rarely
133,26,4,Weekly
183,22,1,Monthly
413,26,2,Rarely
404,44,5,Weekly
633,30,4,Weekly
140,12,5,Monthly
967,34,3,Weekly
996,34,5,Daily
720,2,4,Weekly
813,23,1,Weekly
522,49,3,Monthly
13,40,2,Rarely
890,28,3,Monthly
817,6,5,Daily
282,4,1,Rarely
175,26,2,Rarely
454,5,5,Monthly
485,3,3,Rarely
690,46,2,Weekly
857,3,2,Monthly
4,43,4,Monthly
873,46,5,Rarely
603,2,2,Weekly
724,20,2,Weekly
18,13,1,Weekly
636,28,3,Rarely
981,13,3,Monthly
649,29,4,Daily
882,32,5,Weekly
58,10,4,Daily
783,17,5,Weekly
587,24,1,Rarely
816,21,2,Weekly
335,18,3,Weekly
339,28,3,Rarely
897,34,3,Daily
76,14,4,Weekly
424,31,3,Monthly
911,13,4,Rarely
192,15,4,Daily
696,25,4,Weekly
39,5,5,Daily
94,44,5,Monthly
232,39,5,Weekly
419,16,5,Monthly
269,50,3,Weekly
221,18,4,Monthly
880,36,1,Monthly
329,8,3,Monthly
440,42,4,Weekly
909,2,4,Rarely
938,29,3,Rarely
455,1,3,Monthly
381,13,5,Weekly
736,31,4,Monthly
455,1,1,Monthly
299,21,3,Monthly
683,50,1,Daily
338,20,4,Monthly
898,26,4,Rarely
86,11,3,Rarely
68,33,3,Daily
924,42,3,Weekly
574,3,5,Rarely
199,7,3,Rarely
643,43,4,Rarely
181,33,3,Weekly
952,41,3,Weekly
709,33,4,Weekly
903,33,5,Rarely
935,41,4,Monthly
832,22,5,Rarely
285,33,5,Monthly
53,46,5,Weekly
694,6,3,Monthly
122,34,4,Monthly
943,21,4,Rarely
537,34,2,Rarely
316,42,5,Monthly
139,47,3,Weekly
956,33,3,Weekly
910,37,3,Monthly
389,30,3,Daily
442,39,3,Weekly
166,16,4,Daily
993,15,5,Daily
139,11,5,Daily
769,38,4,Monthly
60,19,3,Monthly
324,10,3,Monthly
860,8,2,Monthly
631,47,4,Daily
491,21,1,Monthly
520,6,5,Weekly
192,27,2,Monthly
996,24,2,Weekly
258,41,5,Rarely
9,5,3,Weekly
349,2,2,Daily
796,8,2,Weekly
937,28,2,Rarely
385,27,5,Daily
796,21,4,Monthly
51,9,3,Weekly
262,12,3,Rarely
323,49,5,Weekly
299,13,4,Daily
464,15,5,Monthly
711,31,1,Weekly
739,4,3,Daily
736,3,3,Monthly
451,27,3,Daily
369,32,5,Monthly
700,39,2,Weekly
995,46,4,Monthly
165,26,4,Monthly
331,50,1,Daily
856,15,3,Daily
949,45,4,Weekly
480,30,4,Weekly
522,43,4,Weekly
759,3,3,Rarely
225,33,5,Weekly
533,31,5,Weekly
924,6,4,Monthly
936,22,1,Monthly
444,5,4,Monthly
186,37,3,Rarely
926,37,2,Monthly
570,41,4,Monthly
537,36,4,Monthly
605,25,4,Weekly
631,19,4,Monthly
179,28,5,Rarely
886,23,4,Weekly
544,10,4,Monthly
195,36,5,Monthly
415,34,3,Daily
473,2,3,Monthly
9,20,4,Monthly
855,18,3,Monthly
203,1,2,Monthly
690,1,4,Daily
584,28,2,Monthly
373,12,3,Monthly
86,40,5,Monthly
691,35,3,Daily
890,39,5,Weekly
780,34,4,Rarely
428,18,2,Monthly
80,22,3,Monthly
84,31,2,Daily
180,20,3,Monthly
486,22,2,Weekly
376,33,5,Monthly
47,36,4,Monthly
574,22,2,Weekly
328,34,3,Monthly
729,40,2,Monthly
176,39,4,Weekly
35,33,2,Weekly
727,37,4,Monthly
668,23,2,Weekly
660,31,3,Weekly
925,50,5,Monthly
172,12,4,Rarely
735,35,4,Rarely
622,43,1,Daily
706,35,4,Rarely
981,36,5,Weekly
867,46,4,Rarely
174,10,4,Monthly
32,49,3,Daily
489,49,3,Rarely
896,48,5,Weekly
38,2,3,Weekly
821,50,5,Monthly
106,50,4,Daily
684,36,3,Rarely
185,26,5,Rarely
837,49,3,Daily
548,2,1,Monthly
893,26,5,Daily
38,42,1,Monthly
345,5,4,Rarely
969,45,3,Monthly
713,26,3,Weekly
838,4,2,Monthly
222,27,2,Monthly
177,39,4,Weekly
268,17,1,Weekly
814,14,5,Weekly
305,50,2,Monthly
550,26,5,Monthly
134,41,1,Weekly
280,30,5,Rarely
952,49,2,Daily
557,7,5,Daily
293,21,4,Monthly
926,11,4,Daily
517,10,1,Monthly
567,3,2,Weekly
115,24,2,Weekly
456,39,4,Monthly
410,10,4,Monthly
671,38,4,Monthly
321,36,3,Monthly
978,50,3,Daily
285,5,5,Weekly
81,33,5,Weekly
786,25,5,Daily
215,38,5,Weekly
541,36,2,Rarely
696,40,2,Rarely
982,11,1,Monthly
697,14,3,Monthly
60,31,2,Daily
577,2,3,Rarely
988,33,3,Weekly
366,34,4,Monthly
737,15,3,Daily
995,47,3,Rarely
384,9,4,Weekly
697,46,3,Weekly
986,19,3,Rarely
249,4,3,Monthly
628,5,2,Rarely
851,36,5,Weekly
672,14,5,Daily
395,48,3,Daily
145,47,4,Rarely
514,10,5,Monthly
831,11,2,Weekly
93,38,4,Rarely
807,28,5,Monthly
211,27,1,Weekly
890,4,4,Rarely
18,35,5,Weekly
417,8,4,Monthly
980,43,3,Weekly
199,22,4,Monthly
480,24,3,Monthly
39,7,5,Daily
311,6,2,Weekly
152,10,1,Weekly
457,49,5,Daily
118,36,1,Daily
897,12,4,Monthly
145,22,4,Monthly
963,43,4,Daily
614,4,1,Weekly
54,18,3,Weekly
850,35,2,Monthly
955,6,3,Monthly
284,39,3,Monthly
745,40,4,Daily
454,38,5,Daily
729,50,4,Daily
942,40,5,Monthly
917,3,1,Daily
88,21,4,Daily
555,47,5,Monthly
194,23,3,Rarely
538,26,3,Rarely
557,2,2,Daily
622,20,5,Rarely
762,16,3,Weekly
813,32,4,Monthly
369,23,5,Daily
809,40,3,Daily
982,38,4,Rarely
10,40,4,Monthly
752,14,5,Monthly
681,36,5,Monthly
534,11,1,Daily
52,3,4,Rarely
415,10,3,Weekly
736,13,4,Rarely
557,42,4,Rarely
284,18,4,Daily
765,33,5,Monthly
349,20,5,Weekly
374,6,4,Weekly
394,6,4,Daily
56,4,4,Monthly
787,6,4,Monthly
824,10,5,Rarely
62,35,5,Daily
787,50,2,Rarely
277,44,2,Weekly
234,50,5,Weekly
348,4,5,Monthly
762,9,1,Rarely
1000,18,5,Daily
513,48,4,Daily
164,11,3,Weekly
221,43,4,Rarely
71,3,2,Weekly
842,17,1,Monthly
658,6,3,Monthly
196,40,3,Rarely
297,43,4,Weekly
149,30,2,Rarely
770,3,4,Monthly
119,10,4,Weekly
892,45,5,Monthly
241,38,5,Monthly
136,25,2,Monthly
562,41,3,Monthly
12,16,4,Monthly
823,28,4,Weekly
949,17,4,Daily
515,8,2,Weekly
311,34,1,Weekly
217,30,3,Monthly
883,2,1,Weekly
298,49,4,Daily
507,41,2,Monthly
54,41,4,Weekly
662,24,3,Monthly
829,18,5,Weekly
905,25,3,Monthly
685,5,2,Monthly
455,41,2,Weekly
212,43,2,Rarely
277,9,5,Weekly
664,27,5,Weekly
29,19,3,Weekly
828,40,5,Monthly
745,45,3,Monthly
377,48,2,Daily
189,9,1,Rarely
828,22,4,Monthly
212,42,5,Weekly
849,34,3,Weekly
748,2,4,Weekly
71,28,2,Weekly
380,16,3,Monthly
523,35,5,Rarely
582,35,4,Weekly
760,21,3,Daily
88,36,3,Rarely
266,20,1,Rarely
151,46,1,Daily
135,37,5,Weekly
744,26,4,Rarely
200,42,5,Daily
116,11,4,Monthly
102,42,4,Monthly
4,19,2,Weekly
774,31,3,Monthly
716,44,4,Weekly
746,4,3,Rarely
951,28,4,Monthly
292,10,3,Weekly
908,22,5,Weekly
270,10,1,Daily
507,8,4,Weekly
789,30,1,Weekly
554,30,4,Monthly
521,15,4,Monthly
771,8,5,Monthly
968,15,4,Monthly
236,44,4,Daily
207,47,4,Daily
357,33,4,Monthly
442,50,4,Weekly
185,5,5,Daily
505,9,5,Rarely
543,20,4,Rarely
686,36,4,Weekly
281,7,2,Monthly
318,19,4,Monthly
673,15,2,Monthly
629,17,4,Daily
756,46,5,Monthly
707,11,3,Weekly
357,36,2,Monthly
739,34,1,Rarely
540,39,5,Weekly
653,36,3,Monthly
283,13,3,Weekly
594,34,3,Weekly
802,36,3,Weekly
606,48,3,Weekly
117,11,3,Weekly
479,31,4,Daily
497,30,1,Weekly
371,39,1,Daily
982,5,1,Monthly
317,36,5,Monthly
898,29,2,Weekly
320,19,4,Rarely
876,2,3,Daily
283,7,1,Monthly
260,30,4,Weekly
452,4,4,Rarely
528,19,3,Monthly
219,48,4,Monthly
804,39,4,Weekly
8,3,4,Monthly
159,17,5,Monthly
439,11,4,Weekly
902,14,4,Monthly
607,2,4,Daily
804,3,4,Weekly
718,38,2,Daily
507,49,4,Weekly
711,45,4,Monthly
281,7,4,Rarely
418,27,5,Monthly
178,48,3,Weekly
57,25,4,Monthly
425,21,5,Weekly
886,43,2,Daily
688,28,3,Weekly
58,3,3,Daily
383,2,4,Weekly
865,36,3,Rarely
789,18,3,Weekly
892,16,4,Weekly
952,45,5,Daily
524,50,4,Monthly
190,40,2,Daily
484,44,4,Daily
895,31,3,Rarely
743,34,4,Monthly
268,7,4,Weekly
16,8,4,Daily
62,34,4,Rarely
373,43,3,Monthly
312,3,3,Weekly
588,50,3,Daily
813,21,2,Monthly
887,3,3,Rarely
759,20,4,Daily
330,45,4,Weekly
982,25,4,Weekly
487,46,4,Weekly
3,6,1,Weekly
448,41,3,Rarely
760,8,5,Weekly
70,33,4,Weekly
698,1,2,Rarely
925,44,4,Weekly
827,49,2,Rarely
22,19,2,Daily
792,1,4,Daily
188,19,4,Weekly
992,50,1,Weekly
72,38,1,Weekly
64,30,4,Daily
278,27,1,Rarely
24,13,4,Daily
573,6,1,Monthly
869,37,1,Daily
605,31,2,Monthly
473,45,3,Monthly
52,48,5,Monthly
127,13,4,Weekly
344,6,4,Monthly
846,4,4,Rarely
212,48,5,Rarely
110,49,4,Daily
265,40,4,Rarely
952,12,5,Monthly
246,16,5,Rarely
99,23,5,Daily
494,3,5,Daily
270,22,1,Rarely
853,5,2,Weekly
2,3,3,Weekly
222,34,4,Weekly
343,28,4,Monthly
952,9,3,Rarely
899,38,4,Weekly
352,45,4,Monthly
185,19,4,Rarely
587,10,3,Monthly
999,27,4,Rarely
673,38,5,Rarely
288,13,3,Rarely
580,20,3,Monthly
164,16,4,Weekly
194,33,4,Monthly
47,42,4,Weekly
147,4,4,Rarely
194,2,4,Weekly
384,16,4,Daily
496,6,4,Daily
726,12,2,Monthly
379,31,2,Daily
147,23,2,Rarely
561,27,4,Rarely
776,19,5,Rarely
22,17,2,Rarely
227,36,5,Rarely
116,21,4,Weekly
696,12,3,Weekly
447,7,4,Weekly
743,50,4,Weekly
520,7,3,Weekly
492,18,3,Daily
442,1,3,Weekly
413,2,2,Daily
315,41,2,Daily
806,22,4,Monthly
248,24,5,Rarely
164,47,3,Monthly
110,20,5,Daily
133,10,3,Monthly
35,1,4,Daily
174,49,4,Weekly
96,42,3,Monthly
161,50,4,Daily
608,18,4,Daily
179,17,5,Daily
805,7,3,Monthly
257,8,1,Monthly
951,48,3,Weekly
506,45,3,Rarely
704,36,4,Monthly
181,19,3,Daily
624,43,3,Rarely
442,13,2,Weekly
827,46,5,Weekly
633,41,2,Monthly
460,17,3,Daily
469,41,1,Rarely
860,3,4,Monthly
70,36,1,Rarely
141,12,4,Monthly
821,29,2,Monthly
46,19,5,Weekly
806,12,2,Monthly
753,1,3,Weekly
398,10,5,Rarely
722,50,2,Weekly
913,40,3,Rarely
159,49,4,Daily
853,26,1,Monthly
781,30,3,Rarely
699,41,5,Rarely
939,29,3,Daily
267,30,3,Daily
203,21,3,Daily
782,35,4,Daily
150,2,3,Rarely
86,9,5,Daily
522,38,4,Monthly
345,27,3,Daily
801,32,4,Rarely
599,29,2,Weekly
637,19,5,Weekly
697,43,4,Weekly
182,10,4,Monthly
518,43,3,Rarely
932,24,1,Rarely
285,50,3,Daily
470,47,1,Weekly
682,39,4,Daily
59,44,4,Weekly
983,20,2,Weekly
245,49,2,Weekly
272,7,2,Weekly
804,28,4,Rarely
876,23,5,Daily
798,3,5,Daily
689,44,3,Rarely
903,37,1,Monthly
624,39,4,Monthly
505,27,2,Monthly
500,41,2,Weekly
703,40,4,Daily
946,47,4,Monthly
922,14,3,Weekly
771,44,3,Daily
185,46,3,Weekly
86,10,5,Rarely
634,15,4,Weekly
531,30,1,Monthly
430,26,1,Daily
414,1,4,Weekly
647,30,3,Weekly
554,38,4,Monthly
107,5,3,Rarely
312,23,4,Daily
599,42,5,Weekly
772,44,3,Monthly
772,39,1,Weekly
30,3,3,Monthly
327,16,5,Daily
972,22,5,Monthly
124,48,1,Rarely
945,2,4,Rarely
132,28,3,Weekly
823,50,4,Weekly
944,16,2,Monthly
557,25,1,Daily
265,18,5,Monthly
926,18,5,Daily
854,48,3,Monthly
278,30,4,Monthly
524,7,4,Rarely
35,4,3,Daily
268,17,2,Monthly
677,41,1,Monthly
549,10,2,Monthly
208,50,2,Weekly
530,37,4,Weekly
251,7,3,Rarely
896,32,4,Rarely
724,32,4,Rarely
833,28,2,Rarely
197,2,2,Weekly
536,28,4,Weekly
778,6,3,Monthly
306,46,5,Rarely
827,39,4,Daily
352,10,1,Daily
845,34,2,Weekly
377,34,4,Monthly
215,32,4,Rarely
742,1,5,Weekly
772,41,4,Monthly
578,16,5,Rarely
770,14,3,Rarely
888,40,2,Rarely
429,47,3,Rarely
901,23,4,Monthly
611,1,5,Rarely
907,34,3,Daily
171,20,3,Rarely
933,3,4,Weekly
130,23,1,Monthly
972,27,5,Weekly
412,50,2,Monthly
938,32,5,Rarely
357,20,3,Weekly
493,16,4,Monthly
601,49,2,Weekly
41,36,4,Rarely
726,11,4,Rarely
134,7,5,Daily
435,22,5,Monthly
829,33,4,Weekly
664,3,4,Rarely
191,24,4,Monthly
369,50,2,Weekly
927,37,2,Daily
650,36,4,Daily
981,43,2,Monthly
62,24,2,Monthly
212,16,5,Monthly
182,43,2,Weekly
137,37,2,Monthly
722,11,4,Monthly
690,34,3,Weekly
997,5,5,Rarely
12,41,3,Monthly
769,43,5,Weekly
500,42,3,Monthly
98,35,2,Daily
947,12,5,Rarely
950,10,5,Weekly
255,8,1,Daily
590,12,4,Rarely
401,1,4,Weekly
75,42,1,Daily
535,23,2,Daily
972,7,5,Weekly
232,35,5,Monthly
755,26,1,Weekly
422,39,3,Rarely
533,32,5,Rarely
633,47,3,Daily
592,23,2,Rarely
780,4,4,Monthly
637,32,4,Rarely
258,38,4,Weekly
69,18,3,Rarely
362,35,1,Daily
737,7,3,Rarely
837,4,2,Daily
252,44,4,Monthly
203,15,4,Weekly
769,1,4,Weekly
856,20,3,Weekly
813,10,4,Monthly
816,33,1,Monthly
175,41,3,Daily
854,33,5,Monthly
981,27,3,Rarely
867,36,3,Rarely
815,23,4,Daily
729,2,4,Rarely
471,5,3,Daily
312,29,4,Weekly
164,7,4,Monthly
342,39,4,Rarely
986,30,5,Daily
82,10,3,Weekly
780,49,3,Monthly
652,24,5,Weekly
659,41,3,Monthly
644,47,1,Daily
250,18,3,Daily
746,20,4,Weekly
510,3,4,Weekly
583,22,3,Weekly
680,13,5,Weekly
960,28,3,Daily
894,13,4,Daily
666,6,4,Daily
756,11,4,Monthly
367,50,1,Weekly
686,29,5,Daily
96,40,4,Weekly
904,45,5,Rarely
311,39,4,Rarely
224,10,3,Weekly
1000,43,5,Monthly
75,7,5,Weekly
957,39,3,Weekly
542,50,3,Monthly
437,4,1,Monthly
30,49,3,Rarely
390,27,4,Rarely
493,21,5,Daily
261,37,4,Weekly
21,16,2,Weekly
298,16,4,Rarely
276,40,4,Weekly
511,3,3,Weekly
999,11,4,Rarely
777,45,4,Daily
911,39,4,Rarely
144,3,2,Weekly
547,16,2,Monthly
391,23,4,Weekly
208,29,5,Daily
749,2,2,Weekly
96,41,5,Rarely
614,33,4,Monthly
469,19,5,Monthly
967,17,2,Monthly
423,2,5,Monthly
701,47,1,Weekly
949,21,5,Monthly
350,1,3,Weekly
47,45,4,Weekly
792,36,5,Rarely
424,22,3,Weekly
133,6,4,Weekly
160,19,2,Monthly
584,43,4,Monthly
662,22,3,Rarely
13,39,3,Monthly
968,12,4,Rarely
956,16,4,Monthly
173,19,3,Monthly
213,16,1,Weekly
146,36,3,Monthly
965,21,3,Weekly
680,27,5,Weekly
942,35,4,Monthly
798,42,2,Weekly
282,29,4,Daily
992,24,4,Rarely
786,3,5,Monthly
788,34,4,Rarely
582,17,3,Weekly
950,13,4,Monthly
848,34,3,Weekly
815,24,2,Weekly
379,2,1,Weekly
629,29,2,Monthly
152,13,3,Monthly
162,19,5,Weekly
730,11,3,Monthly
569,28,3,Daily
662,40,5,Monthly
182,48,3,Rarely
645,17,3,Weekly
51,8,1,Rarely
318,24,3,Monthly
90,38,2,Daily
107,38,1,Monthly
845,36,4,Weekly
532,39,4,Weekly
642,11,5,Daily
646,19,3,Rarely
364,49,2,Weekly
906,24,4,Monthly
606,36,4,Rarely
846,3,3,Daily
265,30,3,Rarely
181,22,3,Daily
647,44,3,Weekly
890,42,1,Daily
217,28,2,Monthly
731,2,3,Daily
943,26,3,Rarely
924,4,5,Daily
640,44,3,Monthly
561,21,5,Daily
422,28,1,Weekly
379,36,5,Daily
168,4,3,Monthly
337,7,5,Weekly
824,1,3,Monthly
550,25,4,Daily
549,34,2,Weekly
451,18,3,Rarely
701,2,5,Daily
831,36,2,Weekly
74,45,2,Daily
946,23,2,Weekly
300,44,4,Monthly
461,41,3,Weekly
719,8,4,Monthly
707,45,1,Rarely
154,30,4,Rarely
644,19,3,Weekly
138,42,4,Daily
364,40,1,Monthly
979,14,2,Rarely
974,39,3,Monthly
395,50,1,Rarely
247,17,4,Daily
545,38,5,Daily
778,42,4,Rarely
175,22,4,Rarely
969,23,3,Monthly
635,9,1,Weekly
727,25,3,Weekly
502,43,5,Monthly
814,22,5,Monthly
725,11,3,Monthly
13,50,4,Daily
540,40,3,Monthly
193,24,3,Weekly
7,10,2,Daily
527,49,4,Monthly
657,19,5,Weekly
723,8,4,Monthly
149,29,3,Monthly
774,17,2,Rarely
477,31,2,Weekly
436,28,3,Monthly
167,40,4,Rarely
801,26,3,Rarely
501,35,5,Rarely
739,32,4,Weekly
69,19,4,Daily
870,50,4,Rarely
68,19,5,Monthly
385,20,2,Monthly
745,1,3,Weekly
325,49,5,Monthly
346,25,1,Daily
378,49,1,Monthly
193,41,2,Daily
947,4,5,Monthly
482,35,3,Weekly
451,4,5,Monthly
477,1,4,Monthly
906,29,2,Monthly
573,1,1,Monthly
380,2,5,Daily
228,44,4,Rarely
503,50,3,Weekly
947,22,3,Weekly
983,48,3,Monthly
681,8,4,Rarely
701,44,2,Weekly
785,23,4,Monthly
325,25,2,Monthly
918,44,1,Monthly
185,40,3,Monthly
260,50,2,Weekly
235,8,5,Monthly
306,29,5,Monthly
98,30,5,Daily
726,28,4,Daily
464,12,2,Rarely
999,23,4,Monthly
823,9,2,Monthly
740,3,5,Daily
772,30,3,Rarely
754,13,3,Daily
846,10,4,Daily
720,10,4,Rarely
115,28,3,Rarely
91,14,4,Weekly
540,23,5,Weekly
662,26,2,Weekly
752,30,2,Weekly
130,31,4,Monthly
89,8,3,Monthly
207,40,4,Monthly
459,17,4,Daily
381,33,3,Weekly
917,2,4,Monthly
899,25,5,Rarely
655,6,4,Weekly
888,50,3,Rarely
681,19,5,Daily
479,39,3,Weekly
454,47,5,Monthly
809,4,2,Weekly
789,10,4,Weekly
121,44,1,Monthly
292,25,2,Rarely
422,30,4,Weekly
701,3,4,Weekly
644,43,1,Daily
67,7,3,Rarely
760,48,3,Rarely
374,4,4,Rarely
772,17,5,Rarely
601,3,4,Daily
534,39,3,Weekly
612,16,5,Rarely
206,7,4,Weekly
208,21,4,Monthly
884,15,3,Weekly
647,18,5,Monthly
392,20,3,Rarely
67,38,3,Monthly
568,21,3,Monthly
524,48,4,Rarely
130,35,2,Daily
959,4,1,Monthly
854,26,5,Daily
982,18,4,Rarely
647,47,5,Weekly
15,48,4,Monthly
707,42,3,Daily
36,43,2,Daily
380,6,1,Weekly
517,30,2,Monthly
664,3,3,Monthly
880,39,4,Daily
816,25,2,Monthly
489,16,3,Weekly
765,21,4,Monthly
685,49,3,Weekly
125,1,3,Monthly
207,33,2,Weekly
794,48,3,Rarely
63,6,4,Monthly
483,21,3,Rarely
308,46,5,Weekly
333,43,3,Monthly
744,22,2,Monthly
802,50,1,Monthly
953,12,3,Daily
674,17,4,Weekly
115,37,5,Monthly
282,45,4,Daily
741,5,4,Daily
791,1,5,Weekly
575,6,3,Monthly
591,36,3,Rarely
800,21,4,Monthly
534,41,4,Weekly
634,10,3,Daily
772,43,3,Monthly
442,3,4,Monthly
146,7,1,Monthly
931,31,5,Weekly
708,42,2,Weekly
486,11,5,Weekly
396,17,3,Daily
305,16,5,Weekly
150,30,3,Weekly
336,47,4,Monthly
862,38,5,Rarely
744,43,3,Rarely
810,24,2,Monthly
273,24,3,Rarely
827,24,1,Weekly
14,30,3,Daily
799,28,3,Rarely
809,14,1,Monthly
711,40,4,Weekly
191,42,2,Daily
438,7,2,Rarely
485,37,2,Rarely
664,34,4,Weekly
74,1,5,Rarely
457,39,3,Rarely
466,28,3,Weekly
327,11,2,Weekly
568,15,2,Daily
633,10,5,Monthly
642,29,4,Monthly
882,31,3,Daily
245,43,3,Weekly
473,42,4,Monthly
75,35,1,Monthly
343,3,4,Rarely
236,12,2,Monthly
607,29,1,Weekly
474,11,3,Rarely
51,31,2,Daily
309,27,4,Daily
385,45,4,Weekly
895,5,2,Monthly
79,35,5,Daily
43,35,3,Monthly
357,8,4,Weekly
556,49,3,Weekly
821,49,2,Weekly
956,34,4,Weekly
799,24,2,Daily
994,22,1,Rarely
609,23,4,Weekly
357,33,4,Weekly
520,21,2,Weekly
500,14,3,Daily
4,24,3,Weekly
216,31,4,Daily
731,17,2,Weekly
444,35,4,Monthly
357,42,4,Monthly
376,46,4,Daily
918,16,2,Monthly
588,5,5,Daily
236,3,1,Rarely
997,38,2,Weekly
322,11,3,Monthly
333,32,4,Rarely
593,41,4,Weekly
861,37,2,Monthly
249,24,4,Daily
246,31,2,Weekly
768,49,4,Rarely
836,36,5,Weekly
827,21,3,Rarely
696,17,3,Weekly
683,37,1,Rarely
433,23,3,Weekly
319,30,4,Monthly
341,7,1,Rarely
444,34,5,Daily
76,14,4,Weekly
280,24,4,Daily
536,2,3,Daily
393,45,3,Weekly
418,21,5,Rarely
401,42,3,Monthly
365,21,5,Weekly
186,4,2,Monthly
542,25,2,Daily
824,34,5,Monthly
382,41,1,Monthly
450,2,4,Monthly
503,35,5,Monthly
49,40,3,Weekly
392,7,3,Rarely
426,37,3,Monthly
966,42,1,Monthly
877,26,5,Daily
345,8,3,Weekly
209,25,2,Daily
329,33,1,Weekly
303,20,5,Rarely
964,32,5,Monthly
563,6,4,Weekly
564,12,4,Rarely
11,42,1,Monthly
9,8,5,Weekly
631,23,3,Rarely
708,50,2,Weekly
418,39,5,Monthly
170,3,3,Monthly
873,43,3,Weekly
933,12,4,Daily
62,17,1,Daily
657,1,3,Daily
68,42,5,Daily
769,19,3,Monthly
973,27,4,Monthly
851,25,4,Weekly
612,37,4,Monthly
463,11,5,Daily
593,47,5,Weekly
105,5,3,Rarely
199,1,3,Daily
954,6,5,Rarely
485,11,4,Monthly
757,36,2,Rarely
526,24,4,Weekly
25,6,3,Weekly
801,14,2,Rarely
541,43,4,Rarely
945,43,3,Monthly
757,4,2,Weekly
570,3,4,Monthly
278,2,3,Weekly
517,16,3,Monthly
587,16,3,Rarely
1000,4,5,Daily
843,34,2,Rarely
331,4,4,Rarely
57,37,4,Rarely
807,45,4,Weekly
779,38,4,Monthly
128,38,3,Rarely
434,25,3,Rarely
615,26,3,Daily
534,11,3,Weekly
146,31,4,Rarely
839,30,3,Monthly
862,18,4,Weekly
676,23,4,Weekly
646,37,3,Monthly
871,19,2,Weekly
77,31,4,Rarely
368,18,4,Weekly
872,32,2,Weekly
495,35,2,Monthly
354,7,1,Daily
288,41,2,Daily
811,24,5,Monthly
762,19,5,Monthly
2,34,3,Weekly
22,20,4,Weekly
172,27,5,Weekly
421,25,4,Weekly
123,40,3,Weekly
70,11,5,Rarely
806,16,3,Daily
382,24,4,Weekly
94,24,1,Daily
22,2,5,Rarely
274,15,2,Rarely
880,13,3,Rarely
1000,21,1,Rarely
394,15,4,Weekly
701,17,3,Monthly
376,29,4,Daily
485,2,4,Daily
166,33,4,Monthly
520,46,4,Monthly
362,50,4,Weekly
27,13,5,Rarely
45,23,4,Daily
656,42,4,Monthly
148,39,3,Daily
819,1,1,Weekly
262,38,4,Rarely
592,35,3,Monthly
189,36,5,Rarely
313,41,1,Rarely
564,24,5,Weekly
713,37,2,Rarely
681,49,3,Monthly
839,21,3,Weekly
68,26,3,Weekly
197,44,3,Rarely
285,19,4,Rarely
321,17,3,Daily
414,46,2,Monthly
196,34,3,Weekly
790,4,1,Monthly
377,23,5,Monthly
987,13,1,Weekly
944,29,5,Daily
491,21,3,Weekly
215,16,5,Weekly
920,47,4,Rarely
127,49,3,Rarely
45,10,4,Rarely
235,29,3,Daily
122,49,5,Rarely
197,31,1,Rarely
601,31,4,Monthly
796,9,3,Monthly
404,41,5,Monthly
65,45,2,Monthly
37,45,4,Monthly
417,15,4,Rarely
79,7,3,Daily
535,14,5,Weekly
754,35,4,Rarely
696,46,1,Monthly
482,21,3,Monthly
668,47,2,Daily
595,33,5,Weekly
384,8,4,Daily
433,30,2,Monthly
940,37,2,Weekly
488,12,2,Daily
135,36,4,Monthly
280,31,2,Weekly
98,18,4,Monthly
890,34,1,Weekly
377,12,5,Rarely
16,29,2,Weekly
279,13,4,Weekly
27,25,5,Weekly
658,41,2,Daily
596,47,4,Monthly
959,4,3,Monthly
782,8,3,Weekly
511,29,2,Monthly
832,49,3,Monthly
230,19,4,Weekly
359,14,2,Daily
182,31,3,Weekly
446,17,5,Daily
138,44,4,Daily
314,28,2,Daily
909,20,4,Monthly
560,28,2,Monthly
749,9,3,Rarely
736,39,2,Monthly
829,39,4,Weekly
712,19,3,Rarely
675,10,4,Monthly
150,48,2,Monthly
12,34,4,Monthly
179,7,3,Daily
565,34,3,Daily
196,5,4,Daily
299,42,3,Weekly
561,42,2,Rarely
284,41,5,Weekly
788,25,2,Rarely
39,22,5,Daily
860,10,5,Monthly
577,1,5,Monthly
738,2,4,Daily
923,28,1,Daily
328,32,3,Daily
345,7,4,Monthly
186,30,3,Weekly
541,40,4,Daily
270,2,4,Rarely
255,15,3,Daily
814,18,5,Monthly
558,39,4,Daily
530,43,3,Weekly
991,15,2,Rarely
100,28,3,Monthly
801,2,4,Daily
419,18,2,Rarely
924,20,4,Rarely
132,36,2,Weekly
223,39,2,Weekly
249,30,3,Monthly
265,12,3,Weekly
441,28,5,Rarely
699,15,4,Daily
620,44,2,Monthly
970,22,3,Weekly
154,1,2,Weekly
506,21,2,Rarely
591,21,4,Weekly
824,31,3,Monthly
534,22,2,Daily
8,14,4,Rarely
527,20,4,Rarely
969,23,4,Daily
296,5,2,Monthly
839,22,2,Daily
772,32,5,Monthly
606,3,4,Monthly
383,37,4,Weekly
902,1,5,Rarely
991,16,2,Monthly
271,36,2,Weekly
183,8,1,Monthly
738,30,5,Rarely
686,38,3,Monthly
756,42,4,Daily
413,29,3,Monthly
8,50,1,Monthly
834,19,2,Monthly
843,40,3,Weekly
233,38,5,Rarely
863,17,3,Rarely
514,16,4,Daily
752,1,4,Rarely
610,12,2,Weekly
818,37,4,Monthly
737,9,3,Rarely
156,3,2,Monthly
248,44,3,Weekly
693,13,3,Daily
870,6,3,Weekly
702,35,4,Weekly
784,18,4,Weekly
576,6,3,Monthly
262,38,4,Monthly
231,32,4,Rarely
949,28,5,Weekly
101,24,2,Daily
246,4,1,Monthly
430,10,3,Rarely
369,16,5,Weekly
353,29,3,Weekly
404,6,1,Weekly
292,48,3,Monthly
776,14,4,Monthly
875,47,5,Rarely
136,25,3,Monthly
553,17,1,Monthly
180,18,3,Daily
116,32,3,Weekly
678,3,4,Monthly
233,4,4,Daily
291,30,2,Weekly
977,19,3,Monthly
130,37,2,Weekly
235,22,4,Weekly
835,40,1,Weekly
961,20,2,Weekly
728,18,3,Daily
824,45,4,Daily
584,4,4,Monthly
486,44,1,Rarely
812,36,3,Rarely
17,1,5,Monthly
638,2,4,Daily
129,12,4,Rarely
57,22,4,Daily
143,39,4,Daily
688,5,4,Weekly
12,8,5,Rarely
122,29,4,Weekly
971,47,5,Monthly
672,42,3,Weekly
726,48,4,Weekly
338,37,4,Daily
452,16,5,Weekly
115,31,5,Weekly
614,38,5,Daily
834,29,3,Monthly
104,22,4,Weekly
655,45,3,Rarely
972,20,2,Daily
129,44,3,Rarely
822,20,4,Daily
796,35,3,Rarely
258,3,3,Rarely
47,30,3,Weekly
563,14,1,Rarely
125,20,3,Monthly
135,17,4,Weekly
298,23,2,Monthly
62,47,3,Weekly
474,48,3,Daily
795,40,3,Daily
372,11,5,Rarely
595,10,1,Weekly
508,18,4,Weekly
745,30,4,Rarely
448,37,5,Monthly
81,30,4,Rarely
286,21,3,Weekly
100,21,5,Rarely
982,22,3,Daily
482,29,4,Rarely
633,39,3,Daily
188,32,3,Monthly
80,27,5,Daily
218,11,3,Daily
816,18,3,Daily
75,33,5,Rarely
363,24,4,Monthly
214,23,4,Rarely
935,49,4,Rarely
857,43,3,Monthly
633,43,4,Daily
834,5,2,Weekly
490,18,2,Monthly
625,21,5,Weekly
151,39,3,Weekly
997,10,2,Weekly
27,49,4,Weekly
942,13,4,Monthly
679,28,2,Monthly
827,37,4,Weekly
195,14,4,Daily
356,28,3,Daily
409,9,4,Weekly
853,2,3,Monthly
837,11,3,Rarely
5,20,4,Rarely
669,2,4,Weekly
385,4,3,Weekly
102,1,2,Daily
566,49,3,Weekly
379,15,4,Rarely
12,37,2,Weekly
173,31,5,Weekly
546,19,2,Rarely
301,8,4,Weekly
334,34,1,Weekly
457,10,4,Monthly
966,11,2,Rarely
246,18,4,Rarely
194,9,4,Daily
209,25,4,Monthly
820,11,5,Monthly
210,40,5,Rarely
214,48,2,Monthly
733,13,3,Rarely
711,4,2,Monthly
167,16,2,Weekly
109,33,5,Weekly
342,43,4,Rarely
458,36,4,Weekly
402,6,4,Monthly
107,24,3,Weekly
146,4,5,Weekly
106,32,3,Daily
481,2,4,Monthly
993,41,5,Rarely
17,50,1,Daily
644,32,4,Monthly
969,35,5,Daily
317,21,5,Rarely
864,15,5,Weekly
784,1,2,Monthly
957,36,5,Rarely
395,38,4,Rarely
411,22,5,Weekly
536,26,2,Rarely
202,11,1,Weekly
936,17,5,Weekly
992,23,2,Daily
797,44,5,Daily
277,9,1,Rarely
444,23,4,Monthly
405,37,1,Daily
854,35,4,Weekly
105,47,1,Daily
875,23,2,Monthly
887,26,3,Monthly
73,2,4,Weekly
867,14,5,Daily
306,20,1,Monthly
939,2,3,Daily
329,23,4,Rarely
60,41,5,Weekly
196,45,4,Monthly
493,5,4,Weekly
779,30,4,Weekly
115,24,1,Weekly
323,29,1,Weekly
667,29,4,Monthly
104,9,2,Daily
668,37,4,Monthly
476,15,4,Weekly
613,36,3,Weekly
896,23,3,Rarely
500,27,4,Weekly
855,3,4,Monthly
428,48,4,Monthly
724,17,5,Daily
964,24,4,Monthly
488,42,1,Monthly
558,43,1,Monthly
918,5,5,Daily
880,11,2,Daily
373,42,5,Monthly
945,27,3,Weekly
134,46,3,Monthly
996,31,4,Monthly
866,17,5,Daily
315,25,5,Weekly
878,38,3,Weekly
365,11,5,Monthly
165,26,4,Rarely
185,26,5,Weekly
907,9,3,Rarely
220,25,4,Monthly
434,29,4,Monthly
666,28,5,Weekly
706,23,1,Monthly
86,49,3,Rarely
81,21,3,Daily
88,30,3,Daily
981,6,3,Monthly
650,31,3,Rarely
597,36,5,Monthly
316,32,3,Monthly
741,27,1,Weekly
282,44,1,Weekly
300,14,3,Monthly
322,46,5,Monthly
480,12,2,Monthly
60,35,3,Weekly
908,29,5,Weekly
736,17,5,Weekly
508,15,2,Monthly
